{"smoothening_factor":0.7,"beta_factor":0.1,"smoothened_list":[0.0,0.0,176.54000000000002,159.93420000000003,150.96706600000002,163.88923118000002,164.69363455140004,158.44640114422202,154.5809830419731,160.03068879836027,169.29345230939123,175.1317397010431,199.83400413946566,181.28630318122984,172.551951671073,166.39300960105084,152.68781630797062,179.74811117848861,167.65383185714981,164.32977983074767,168.55947963467472,182.1792260014256,188.77260409135107,199.93653523193413,225.62015710787364,202.76183267310438,217.27100705555628,196.26478887640292,199.95438820130869,209.46446082468884,199.26497035397463,209.62657528798212,210.52119649802566,216.77309910617691,220.1345529511899,256.41357039811049,298.62832570431891,307.5325802892047,316.43683487409055,325.34108945897634,334.24534404386213,343.14959862874792,352.05385321363372,360.95810779851956,369.86236238340535,378.76661696829115,387.67087155317694,396.57512613806273],"original_list":[165.0,171.0,147.0,143.0,164.0,160.0,152.0,150.0,159.0,169.0,173.0,203.0,169.0,166.0,162.0,147.0,188.0,161.0,162.0,169.0,185.0,188.0,200.0,229.0,189.0,218.0,185.0,199.0,210.0,193.0,211.0,208.0,216.0,218.0,264.0,304.0],"smoothed_values":[163.0,170.4,155.86200000000002,148.08026,160.09011980000002,161.16676935400002,155.80809036542,152.53392034326663,157.67429491259193,166.30920663950809,171.88803569281737,194.63952191031294,178.2502012418397,170.58589095436895,165.16558550132191,152.81790288031524,177.40634489239119,166.62443335354658,163.69614955714493,167.59893394922432,180.06784389040243,186.25376780042768,196.63178122740533,220.28096056958023,199.9860471323621,213.42854980193133,194.6813021166669,198.17943666292086,206.98631646039263,197.93933824740665,207.47949110619237,208.48797258639465,214.35635894940771,217.63192973185306,250.84036588535696,289.72407111943312],"sse":20.594696131434855}