{"smoothening_factor":0.7,"beta_factor":0.0,"smoothened_list":[165.0,171.0,147.0,143.0,164.0,160.0,152.0,150.0,159.0,169.0,173.0,203.0,169.0,166.0,162.0,147.0,188.0,161.0,162.0,169.0,185.0,188.0,200.0,229.0,189.0,218.0,185.0,199.0,210.0,193.0,211.0,208.0,216.0,218.0,264.0,304.0,287.738248057756,287.738248057756,287.738248057756,287.738248057756,287.738248057756,287.738248057756,287.738248057756,287.738248057756,287.738248057756,287.738248057756,287.738248057756,287.738248057756],"original_list":[165.0,171.0,147.0,143.0,164.0,160.0,152.0,150.0,159.0,169.0,173.0,203.0,169.0,166.0,162.0,147.0,188.0,161.0,162.0,169.0,185.0,188.0,200.0,229.0,189.0,218.0,185.0,199.0,210.0,193.0,211.0,208.0,216.0,218.0,264.0,304.0],"smoothed_values":[163.0,164.39999999999998,169.01999999999998,153.606,146.1818,158.65454,159.596362,154.2789086,151.28367258,156.685101774,165.3055305322,170.69165915966,193.307497747898,176.29224932436941,169.08767479731083,164.12630243919324,152.13789073175798,177.2413672195274,165.87241016585821,163.16172304975746,167.24851691492725,179.67455507447818,185.50236652234346,195.65070995670305,218.99521298701092,197.99856389610326,211.999569168831,193.0998707506493,197.22996122519478,206.16898836755843,196.95069651026753,206.78520895308026,207.63556268592407,213.4906688057772,216.64720064173315,249.79416019251994],"sse":20.369972861699406}